<?xml version="1.0" encoding="UTF-8" standalone="no"?><qnx>
<initialWindow>
<systemChrome>none</systemChrome>
<transparent>true</transparent>
</initialWindow>
<publisher>Sample Inc.</publisher>
<category>core.all</category>

<!-- These environment variables hide the browser context menu -->
<env value="false" var="WEBKIT_TABS_SUPPORTED"/>
<env value="false" var="WEBKIT_CONTEXT_MENU_SUPPORTED"/>
<env value="false" var="WEBKIT_SELECTION_SUPPORTED"/>
<env value="true" var="WEBKIT_WEBGL_SUPPORTED"/>

<!-- Explicitly set the Webkit graphics buffer to reduce memory usage. Will be reduced post-rtm to 3 or 0. -->
<env value="6" var="WEBKIT_NUMBER_OF_BACKINGSTORE_TILES"/>

<icon><image>appicon.png</image></icon><action>access_internet</action></qnx>